Title,Permalink,Stock,"Regular Price","Sale Price","Image URL"
"5HTP 150 cápsulas | 500mg Adaptoheal®",https://www.adaptohealmx.com/producto/5htp/,26.000000,1724.44,1379.55,https://www.adaptohealmx.com/wp-content/uploads/2025/05/adaptoheal-mexico-productos-suplemento-alimenticio-5htp-desktop_2x_89020100-4bda-4da2-930b-1b9e59e98105.png|https://www.adaptohealmx.com/wp-content/uploads/2025/05/adaptoheal-mexico-productos-capsulas-5htp-desktop_2x_8b54ba8b-551b-4906-b923-16a4310b943b.png|https://www.adaptohealmx.com/wp-content/uploads/2025/05/adaptoheal-mexico-productos-capsulas-nutritivas-5htp-desktop_2x_c10707e9-db2c-47ab-b350-67d344ad0593.png
"Arándano Negro 150 cápsulas | 500mg Adaptoheal®",https://www.adaptohealmx.com/producto/arandano-negro-150-capsulas-500mg-adaptoheal/,189.000000,653.29,522.63,https://www.adaptohealmx.com/wp-content/uploads/2025/05/adaptoheal-mexico-productos-suplemento-alimenticio-arandano-negro-desktop_2x_431c463a-f694-4f2a-a964-97934c22f11c.png|https://www.adaptohealmx.com/wp-content/uploads/2025/05/adaptoheal-mexico-productos-capsulas-arandano-negro-desktop_2x_1bc155e1-86c2-4492-9c10-1c58e91e438c.png|https://www.adaptohealmx.com/wp-content/uploads/2025/05/adaptoheal-mexico-productos-capsulas-nutritivas-arandano-negro-desktop_2x_47182d6d-7022-447d-a966-168c5f5738d7.png|https://www.adaptohealmx.com/wp-content/uploads/2025/05/adaptoheal-single-mexico-capsulas-arandano-negro-plantas-adaptogenicas-desktop_2x_7902379d-c7fa-4107-a050-de4063751c3c.png
"Ashwagandha 150 cápsulas | 500mg AdaptoBalance®",https://www.adaptohealmx.com/producto/ashwagandha-150-capsulas-500mg-adaptoheal/,568.000000,575.78,460.62,https://www.adaptohealmx.com/wp-content/uploads/2025/05/ASH-FRONT.webp|https://www.adaptohealmx.com/wp-content/uploads/2025/05/ASH-BACK.webp|https://www.adaptohealmx.com/wp-content/uploads/2025/05/adaptoheal-single-mexico-capsulas-ashwagandha-plantas-adaptogenicas-desktop_2x_90590580-9c50-40ff-afce-9c4ed1a10d5e.png|https://www.adaptohealmx.com/wp-content/uploads/2025/05/adaptoheal-mexico-productos-suplemento-alimenticio-ashwagandha-desktop_2x_2508e182-6731-4130-8b48-41caea190154.png|https://www.adaptohealmx.com/wp-content/uploads/2025/05/adaptoheal-mexico-productos-capsulas-ashwagandha-desktop_2x_536c7014-31d7-4ae5-904e-e0c75799d914.png|https://www.adaptohealmx.com/wp-content/uploads/2025/05/adaptoheal-mexico-productos-capsulas-nutritivas-ashwagandha-desktop_2x_274c2f83-bd79-4de1-982f-1f85f43677d9.png
"Astrágalus 150 cápsulas | 500mg Adaptoheal®",https://www.adaptohealmx.com/producto/astragalus-150-capsulas-500mg-adaptoheal/,605.000000,682.57,546.06,https://www.adaptohealmx.com/wp-content/uploads/2025/05/adaptoheal-mexico-productos-suplemento-alimenticio-astragalus-desktop_2x_9ea87636-3345-4b34-b868-7f5c207eaf76.png|https://www.adaptohealmx.com/wp-content/uploads/2025/05/adaptoheal-mexico-productos-capsulas-astragalus-desktop_2x_a1ef543d-990e-4616-8d7f-60602ded7546.png|https://www.adaptohealmx.com/wp-content/uploads/2025/05/adaptoheal-mexico-productos-capsulas-nutritivas-astragalus-desktop_2x_6f78f9b8-9b52-4d9e-b79f-cb82679220b2.png|https://www.adaptohealmx.com/wp-content/uploads/2025/05/adaptoheal-single-mexico-capsulas-astragalus-plantas-adaptogenicas-desktop_2x_a9595773-1322-415b-b3ba-e2b6fc6de4fa.png
"ATI 90 cápsulas | Adaptoheal®",https://www.adaptohealmx.com/producto/ati-90-capsulas-500mg-adaptoheal/,113,437.74,350.19,https://www.adaptohealmx.com/wp-content/uploads/2025/05/ATI.webp|https://www.adaptohealmx.com/wp-content/uploads/2025/05/ATI_Infografias_pag_web-01_70908dbd-dd5b-4209-aeb7-c162f401755b-scaled.png|https://www.adaptohealmx.com/wp-content/uploads/2025/05/WhatsApp_Image_2025-01-06_at_10.43.48_AM.jpg|https://www.adaptohealmx.com/wp-content/uploads/2025/05/ATI_Infografias_pag_web-03-scaled.png|https://www.adaptohealmx.com/wp-content/uploads/2025/05/WhatsAppImage2024-11-11at2.24.36PM_1.jpg
"Bio Intes 200 Billones 60 cápsulas | 840mg Adaptoheal®",https://www.adaptohealmx.com/?post_type=product&p=225,0.000000,1392.95,,https://www.adaptohealmx.com/wp-content/uploads/2025/05/adaptoheal-mexico-productos-suplemento-probioticos-bio-intes-desktop_2x_593b1352-733d-4d0f-a71e-4d124516cba2.png|https://www.adaptohealmx.com/wp-content/uploads/2025/05/adaptoheal-mexico-productos-suplemento-prebioticos-bio-intes-desktop_2x_b8128055-3876-4bbf-a0b9-0491f3f40690.png|https://www.adaptohealmx.com/wp-content/uploads/2025/05/adaptoheal-mexico-productos-suplemento-alimenticio-bio-intes-desktop_2x_8fa06e4b-57d6-46fd-88b0-d2a1fd40a674.png
"Cardo Mariano 150 cápsulas | 500mg Adaptoheal®",https://www.adaptohealmx.com/producto/cardo-mariano-150-capsulas-500mg-adaptoheal/,264.000000,676.13,540.9,https://www.adaptohealmx.com/wp-content/uploads/2025/05/adaptoheal-mexico-productos-suplemento-alimenticio-desktop_2x_623871f2-df8c-42c0-a2ec-c60079b0681e.png|https://www.adaptohealmx.com/wp-content/uploads/2025/05/adaptoheal-mexico-productos-capsulas-cardo-mariano-desktop_2x_49f769ac-6057-44d0-a1a9-06cce30f77aa.png|https://www.adaptohealmx.com/wp-content/uploads/2025/05/adaptoheal-mexico-productos-capsulas-nutritivas-cardo-mariano-desktop_2x_f6fd8436-55c7-4132-868f-78f87eed1dec.png|https://www.adaptohealmx.com/wp-content/uploads/2025/05/adaptoheal-single-mexico-capsulas-cardo-mariano-plantas-adaptogenicas-desktop_2x_2870f6d8-73d4-4b50-9305-b48c9e2e6cd8.png
"Cartílago de Tiburón 150 cápsulas | 500mg Adaptoheal®",https://www.adaptohealmx.com/producto/cartilago-de-tiburon-150-capsulas-500mg-adaptoheal/,0.000000,565.94,,https://www.adaptohealmx.com/wp-content/uploads/2025/05/adaptoheal-mexico-productos-suplemento-alimenticio-cartilago-de-tiburon-desktop_2x_de0bf198-582d-45ac-aee1-e31e5efa94e1.png|https://www.adaptohealmx.com/wp-content/uploads/2025/05/adaptoheal-mexico-productos-capsulas-cartilago-de-tiburon-desktop_2x_efb1f1cf-99a3-48e9-90b9-670a876e318d.png|https://www.adaptohealmx.com/wp-content/uploads/2025/05/adaptoheal-mexico-productos-capsulas-nutritivas-cartilago-de-tiburon-desktop_2x_0c6ff737-0ebf-499d-86cf-14cb843ccbf1.png|https://www.adaptohealmx.com/wp-content/uploads/2025/05/adaptoheal-single-mexico-capsulas-cartilago-de-tiburon-plantas-adaptogenicas-desktop_2x_4c9561c2-e55e-4edf-b9fd-5e3bb241ab5c.png
"Castaño de Indias 150 cápsulas | 500mg Adaptoheal®",https://www.adaptohealmx.com/producto/castano-de-indias-150-capsulas-500mg-adaptoheal/,188.000000,787.39,629.91,https://www.adaptohealmx.com/wp-content/uploads/2025/05/adaptoheal-mexico-productos-suplemento-alimenticio-castano-de-indias-desktop_2x_abcc33c2-e0f0-4830-8d7c-e3ca4aed93b0.png|https://www.adaptohealmx.com/wp-content/uploads/2025/05/adaptoheal-mexico-productos-capsulas-castano-de-indias-desktop_2x_56a30ebd-6332-4f1b-9fd4-efd32b60cdce.png|https://www.adaptohealmx.com/wp-content/uploads/2025/05/adaptoheal-mexico-productos-capsulas-nutritivas-castano-de-indias-desktop_2x_32397569-4a1f-4749-a3ee-1180534f3ec7.png|https://www.adaptohealmx.com/wp-content/uploads/2025/05/adaptoheal-single-mexico-capsulas-castano-de-indias-plantas-adaptogenicas-desktop_2x_dabf4705-6063-4cb4-9473-b295fe92c2af.png
"CCM 90 cápsulas | Adaptoheal®",https://www.adaptohealmx.com/producto/ccm-90-capsulas-500mg-adaptoheal/,107,895.17,716.14,https://www.adaptohealmx.com/wp-content/uploads/2025/05/CCM.webp|https://www.adaptohealmx.com/wp-content/uploads/2025/05/CCM_Infografias_pag_web-04-scaled.png|https://www.adaptohealmx.com/wp-content/uploads/2025/05/CCM_Infografias_pag_web-05_1-scaled.png|https://www.adaptohealmx.com/wp-content/uploads/2025/05/CCM_Infografias_pag_web-06-scaled.png|https://www.adaptohealmx.com/wp-content/uploads/2025/05/WhatsAppImage2024-11-11at2.24.36PM_2.jpg
"Chitosan Extracto 150 cápsulas | 500mg Adaptoheal®",https://www.adaptohealmx.com/producto/chitosan-extracto-150-capsulas-500mg-adaptoheal/,383.000000,1244.18,995.34,https://www.adaptohealmx.com/wp-content/uploads/2025/05/adaptoheal-mexico-productos-suplemento-alimenticio-chitosan-desktop_2x_da884046-6df6-4b39-8c2c-9ce746e11043.png|https://www.adaptohealmx.com/wp-content/uploads/2025/05/adaptoheal-mexico-productos-capsulas-chitosan-desktop_2x_3564e886-d36d-42ee-b005-3677504fc8e8.png|https://www.adaptohealmx.com/wp-content/uploads/2025/05/adaptoheal-mexico-productos-capsulas-nutritivas-chitosan-desktop_2x_e9ab98ea-dbc5-40e3-941d-941fa6c33cd0.png
"Citrato de Magnesio 150 cápsulas | 500mg Adaptoheal®",https://www.adaptohealmx.com/producto/citrato-de-magnesio-150-capsulas-500mg-adaptoheal/,184,741.63,593.3,https://www.adaptohealmx.com/wp-content/uploads/2025/05/adaptoheal-mexico-productos-suplemento-alimenticio-citrato-de-magnesio-desktop_2x_9ac117a0-056f-4ea1-9693-c5bf00ea2766.png|https://www.adaptohealmx.com/wp-content/uploads/2025/05/adaptoheal-mexico-productos-capsulas-citrato-de-magnesio-desktop_2x_4d94acc0-a51f-4be4-b313-3fae69f70ab7.png|https://www.adaptohealmx.com/wp-content/uploads/2025/05/adaptoheal-mexico-productos-capsulas-nutritivas-citrato-de-magnesio-desktop_2x_bacc3035-966b-4649-8dab-1abea4a0c7be.png
"CND 90 cápsulas | Adaptoheal®",https://www.adaptohealmx.com/producto/cnd-90-capsulas-500mg-adaptoheal/,120,751.72,601.38,https://www.adaptohealmx.com/wp-content/uploads/2025/05/CND.webp|https://www.adaptohealmx.com/wp-content/uploads/2025/05/CND_Infografias_pag_web-07-scaled.png|https://www.adaptohealmx.com/wp-content/uploads/2025/05/CND_Infografias_pag_web-08-scaled.png|https://www.adaptohealmx.com/wp-content/uploads/2025/05/CND_Infografias_pag_web-09-scaled.png|https://www.adaptohealmx.com/wp-content/uploads/2025/05/WhatsAppImage2024-11-11at2.24.35PM.jpg
"Colágeno Hidrolizado 150 cápsulas | 500mg Adaptoheal®",https://www.adaptohealmx.com/producto/colageno-hidrolizado-150-capsulas-500mg-adaptoheal/,198.000000,617.61,494.09,https://www.adaptohealmx.com/wp-content/uploads/2025/05/adaptoheal-mexico-productos-suplemento-alimenticio-colageno-hidrolizado-desktop_2x_7ad69402-1e33-4231-8eae-a0fd5eea1c89.png|https://www.adaptohealmx.com/wp-content/uploads/2025/05/adaptoheal-mexico-productos-capsulas-colageno-hidrolizado-desktop_2x_23863673-b158-4ca2-8396-8565763cf1be.png|https://www.adaptohealmx.com/wp-content/uploads/2025/05/adaptoheal-mexico-productos-capsulas-nutritivas-colageno-hidrolizado-desktop_2x_b528e6d3-553c-4086-bc68-2bcf2c743472.png
"Cordyceps Extracto 150 cápsulas | 500mg Adaptoheal®",https://www.adaptohealmx.com/producto/cordyceps/,325,1004.03,803.22,https://www.adaptohealmx.com/wp-content/uploads/2025/05/adaptoheal-mexico-productos-suplemento-alimenticio-cordyceps-desktop_2x_a043eaaa-d716-4daf-9aa0-040eb953046e.png|https://www.adaptohealmx.com/wp-content/uploads/2025/05/adaptoheal-mexico-productos-capsulas-cordyceps-desktop_2x_c88217d4-ad60-4b15-8915-cb5034bdcb84.png|https://www.adaptohealmx.com/wp-content/uploads/2025/05/adaptoheal-mexico-productos-capsulas-nutritivas-cordyceps-desktop_2x_2cbe3ee5-7bf9-4741-b77b-a48db6bc14ee.png|https://www.adaptohealmx.com/wp-content/uploads/2025/05/adaptoheal-single-mexico-capsulas-cordyceps-plantas-adaptogenicas-desktop_2x_c0d7c849-752a-442c-9760-46711847cd5c.png
"DHEA 150 cápsulas | 500mg Adaptoheal®",https://www.adaptohealmx.com/producto/dhea/,68.000000,1724.44,1379.55,https://www.adaptohealmx.com/wp-content/uploads/2025/05/adaptoheal-mexico-productos-suplemento-alimenticio-dhea-desktop_2x_e47b086e-17ea-4c6d-b9e5-aba431bb8bc0.png|https://www.adaptohealmx.com/wp-content/uploads/2025/05/adaptoheal-mexico-productos-capsulas-dhea-desktop_2x_dbc467f5-a252-4a57-89e0-1625b3b28829.png|https://www.adaptohealmx.com/wp-content/uploads/2025/05/adaptoheal-mexico-productos-capsulas-nutritivas-dhea-desktop_2x_d6ea21f3-477c-4ad3-87a7-4e5efd0b545c.png
"Diente de León 150 cápsulas | 500mg Adaptoheal®",https://www.adaptohealmx.com/producto/diente-de-leon-150-capsulas-500mg-adaptoheal/,207.000000,528.98,423.18,https://www.adaptohealmx.com/wp-content/uploads/2025/05/adaptoheal-mexico-productos-suplemento-alimenticio-diente-de-leon-desktop_2x_1a6647a4-4597-447b-93cc-8f9aa57f6c02.png|https://www.adaptohealmx.com/wp-content/uploads/2025/05/adaptoheal-mexico-productos-capsulas-diente-de-leon-desktop_2x_27725793-bc9a-4247-9c91-cb67ab7adad5.png|https://www.adaptohealmx.com/wp-content/uploads/2025/05/adaptoheal-mexico-productos-capsulas-nutritivas-diente-de-leon-desktop_2x_17aa87bd-30c6-40db-b05b-33ff6710fc27.png|https://www.adaptohealmx.com/wp-content/uploads/2025/05/adaptoheal-single-mexico-capsulas-diente-de-leon-plantas-adaptogenicas-desktop_2x_39bb6ce0-26b0-414f-8f1e-bba8e175a9e1.png
"Dong Quai 150 cápsulas | 500mg Adaptoheal®",https://www.adaptohealmx.com/producto/dong-quai-150-capsulas-500mg-adaptoheal/,401,791.38,633.1,https://www.adaptohealmx.com/wp-content/uploads/2025/05/adaptoheal-mexico-productos-suplemento-alimenticio-dong-quai-desktop_2x_4119e96a-de44-40dd-a5eb-9fc9137d53fc.png|https://www.adaptohealmx.com/wp-content/uploads/2025/05/adaptoheal-mexico-productos-capsulas-dong-quai-desktop_2x_108f41fe-d2da-4df7-888c-e6127715e963.png|https://www.adaptohealmx.com/wp-content/uploads/2025/05/adaptoheal-mexico-productos-capsulas-nutritivas-dong-quai-desktop_2x_5c6e151e-64b7-4735-bd98-3700688bee09.png|https://www.adaptohealmx.com/wp-content/uploads/2025/05/adaptoheal-single-mexico-capsulas-dong-quai-plantas-adaptogenicas-desktop_2x_8666b89a-08e6-4115-a088-f6ab3c04516a.png
"Equinácea Purpurea 150 cápsulas | 500mg Adaptoheal®",https://www.adaptohealmx.com/producto/equinacea-purpurea-150-capsulas-500mg-adaptoheal/,226.000000,703.73,562.98,https://www.adaptohealmx.com/wp-content/uploads/2025/05/adaptoheal-mexico-productos-suplemento-alimenticio-equinacea-desktop_2x_407cf3cf-99e9-4f6b-a4f5-cc8937d0bb97.png|https://www.adaptohealmx.com/wp-content/uploads/2025/05/adaptoheal-mexico-productos-capsulas-equinacea-desktop_2x_870e804d-27bd-4fea-bb3c-c798c6662b8d.png|https://www.adaptohealmx.com/wp-content/uploads/2025/05/adaptoheal-mexico-productos-capsulas-nutritivas-equinacea-desktop_2x_911a1a5a-1519-4c7c-9419-7bb0f3a34370.png|https://www.adaptohealmx.com/wp-content/uploads/2025/05/adaptoheal-single-mexico-capsulas-equinacea-plantas-adaptogenicas-desktop_2x_68a7225c-955a-4582-9a87-4ca537476bc6.png
"ES3 90 cápsulas | Adaptoheal®",https://www.adaptohealmx.com/producto/es3-90-capsulas-adaptoheal/,207,829.22,663.38,https://www.adaptohealmx.com/wp-content/uploads/2025/05/ES3.webp|https://www.adaptohealmx.com/wp-content/uploads/2025/05/ES3_Infografias_pag_web-10-scaled.png|https://www.adaptohealmx.com/wp-content/uploads/2025/05/ES3_Infografias_pag_web-11-scaled.png|https://www.adaptohealmx.com/wp-content/uploads/2025/05/ES3_Infografias_pag_web-12-scaled.png|https://www.adaptohealmx.com/wp-content/uploads/2025/05/WhatsAppImage2024-11-11at2.24.35PM_1_7ce1038b-1651-42a9-82ec-b6191c7fac91.jpg
"Espino Blanco 150 cápsulas | 500mg Adaptoheal®",https://www.adaptohealmx.com/producto/espino-blanco-150-capsulas-500mg-adaptoheal/,231.000000,505.41,404.33,https://www.adaptohealmx.com/wp-content/uploads/2025/05/adaptoheal-mexico-productos-suplemento-alimenticio-espino-blanco-desktop_2x_b9b4bae5-5b83-41bc-aa8d-16957700a96f.png|https://www.adaptohealmx.com/wp-content/uploads/2025/05/adaptoheal-mexico-productos-capsulas-espino-blanco-desktop_2x_b0054542-a16f-4d14-98e8-81d3dcfc0aa4.png|https://www.adaptohealmx.com/wp-content/uploads/2025/05/adaptoheal-mexico-productos-capsulas-nutritivas-espino-blanco-desktop_2x_48bf0304-6f48-4ee7-96b3-32b44ccb97a6.png|https://www.adaptohealmx.com/wp-content/uploads/2025/05/adaptoheal-single-mexico-capsulas-espino-blanco-plantas-adaptogenicas-desktop_2x_5900c721-8adc-48ba-bf91-73037f1ed96d.png
"Gardevil 150 cápsulas | 500mg Adaptoheal®",https://www.adaptohealmx.com/producto/gardevil-150-capsulas-500mg-adaptoheal/,176.000000,437.99,350.39,https://www.adaptohealmx.com/wp-content/uploads/2025/05/adaptoheal-mexico-productos-suplemento-alimenticio-una-del-diablo-gardevil-desktop_2x_1a9bc816-b998-48ac-b7dc-fcddfcc58bd1.png|https://www.adaptohealmx.com/wp-content/uploads/2025/05/adaptoheal-mexico-productos-capsulas-capsulas-una-del-diablo-gardevil-desktop_2x_892b67d4-ba8f-4882-92ad-161760eb8d76.png|https://www.adaptohealmx.com/wp-content/uploads/2025/05/adaptoheal-mexico-productos-capsulas-capsulas-nutritivas-una-del-diablo-gardevil-desktop_2x_49e21eb0-f7e8-4d29-a944-9f48ac57c11b.png|https://www.adaptohealmx.com/wp-content/uploads/2025/05/adaptoheal-single-mexico-capsulas-una-del-diablo-plantas-adaptogenicas-desktop_2x_d47e50b2-edec-4237-afb2-7bcaf73204b5.png
"Ginkgo Biloba 150 cápsulas | 500mg Adaptoheal®",https://www.adaptohealmx.com/producto/ginko-biloba-150-capsulas-500mg-adaptoheal/,250.000000,629.62,503.7,https://www.adaptohealmx.com/wp-content/uploads/2025/05/adaptoheal-mexico-productos-suplemento-alimenticio-ginkgo-biloba-desktop_2x_403f3483-8335-4def-afb1-0477c7525fe5.png|https://www.adaptohealmx.com/wp-content/uploads/2025/05/adaptoheal-mexico-productos-capsulas-ginkgo-biloba-desktop_2x_884c31af-de8d-4f74-b61a-9fd1f21c1227.png|https://www.adaptohealmx.com/wp-content/uploads/2025/05/adaptoheal-mexico-productos-capsulas-nutritivas-ginkgo-biloba-desktop_2x_8c78d3b1-389c-4803-ba67-07291fcab3bd.png|https://www.adaptohealmx.com/wp-content/uploads/2025/05/adaptoheal-single-mexico-capsulas-ginkgo-biloba-plantas-adaptogenicas-desktop_2x_39ea3a1f-174f-4e86-a2c4-0c804df6f419.png
"Ginseng Brasileño 150 cápsulas | 500mg Adaptoheal®",https://www.adaptohealmx.com/producto/ginseng-brasileno-150-capsulas-500mg-adaptoheal/,109.000000,757.57,606.06,https://www.adaptohealmx.com/wp-content/uploads/2025/05/adaptoheal-mexico-productos-suplemento-alimenticio-ginseng-brasileno-desktop_2x_b3024d87-bab1-477f-89f5-2101dda15792.png|https://www.adaptohealmx.com/wp-content/uploads/2025/05/adaptoheal-mexico-productos-capsulas-ginseng-brasileno-desktop_2x_6fa3d6a4-aca1-4829-b366-a04af20ca681.png|https://www.adaptohealmx.com/wp-content/uploads/2025/05/adaptoheal-mexico-productos-capsulas-nutritivas-ginseng-brasileno-desktop_2x_34ffeb5c-2563-42e5-9de4-9d041e79b151.png|https://www.adaptohealmx.com/wp-content/uploads/2025/05/adaptoheal-single-mexico-capsulas-ginseng-brasileno-plantas-adaptogenicas-desktop_2x_14a2e5f2-6d79-45e1-8ba5-b812b708b442.png
"Ginseng Panax 150 cápsulas | 500mg Adaptoheal®",https://www.adaptohealmx.com/producto/ginseng-panax-150-capsulas-500mg-adaptoheal/,277.000000,663.77,531.02,https://www.adaptohealmx.com/wp-content/uploads/2025/05/adaptoheal-mexico-productos-suplemento-alimenticio-ginseng-panax-desktop_2x_8a9b0ccc-e3f1-4e91-91b3-3c127b30366c.png|https://www.adaptohealmx.com/wp-content/uploads/2025/05/adaptoheal-mexico-productos-capsulas-ginseng-panax-desktop_2x_cb3f63ab-620a-4fa0-a31f-e4858cb7e423.png|https://www.adaptohealmx.com/wp-content/uploads/2025/05/adaptoheal-mexico-productos-capsulas-nutritivas-ginseng-panax-desktop_2x_be61131c-d590-44ca-bd41-fcf077d53570.png|https://www.adaptohealmx.com/wp-content/uploads/2025/05/adaptoheal-single-mexico-capsulas-ginseng-panax-plantas-adaptogenicas-desktop_2x_b6fa3e56-acdf-4e64-92f3-74e69069c2bb.png
"Ginseng Siberiano 150 cápsulas | 500mg Adaptoheal®",https://www.adaptohealmx.com/producto/ginseng-siberiano-150-capsulas-500mg-adaptoheal/,285.000000,1068.99,855.19,https://www.adaptohealmx.com/wp-content/uploads/2025/05/adaptoheal-mexico-productos-suplemento-alimenticio-ginseng-siberiano-desktop_2x_1.png|https://www.adaptohealmx.com/wp-content/uploads/2025/05/adaptoheal-mexico-productos-capsulas-ginseng-siberiano-desktop_2x_1.png|https://www.adaptohealmx.com/wp-content/uploads/2025/05/adaptoheal-mexico-productos-capsulas-nutritivas-ginseng-siberiano-desktop_2x_1.png|https://www.adaptohealmx.com/wp-content/uploads/2025/05/adaptoheal-single-mexico-capsulas-ginseng-siberiano-plantas-adaptogenicas-desktop_2x_1.png
"Golden Seal 150 cápsulas | 500mg Adaptoheal®",https://www.adaptohealmx.com/producto/golden-seal-150-capsulas-500mg-adaptoheal/,131.000000,896.84,717.47,https://www.adaptohealmx.com/wp-content/uploads/2025/05/adaptoheal-mexico-productos-suplemento-alimenticio-golden-seal-desktop_2x_477e076b-baeb-4ba1-b106-ce6d2462a538.png|https://www.adaptohealmx.com/wp-content/uploads/2025/05/adaptoheal-mexico-productos-capsulas-golden-seal-desktop_2x_fbe7e2d2-f16e-470f-bcd4-174addc39bf6.png|https://www.adaptohealmx.com/wp-content/uploads/2025/05/adaptoheal-mexico-productos-capsulas-nutritivas-golden-seal-desktop_2x_61580d99-ff95-42f4-ac59-239ea725b91b.png|https://www.adaptohealmx.com/wp-content/uploads/2025/05/adaptoheal-single-mexico-capsulas-golden-seal-plantas-adaptogenicas-desktop_2x_8f12754f-d4f8-47bb-a366-825534fe4ebc.png
"Gotu Kola 150 cápsulas | 500mg Adaptoheal®",https://www.adaptohealmx.com/producto/gotu-kola-150-capsulas-500mg-adaptoheal/,366.000000,596.73,477.38,https://www.adaptohealmx.com/wp-content/uploads/2025/05/adaptoheal-mexico-productos-suplemento-alimenticio-gotu-kola-desktop_2x_9d41c98b-7605-44f5-ac57-8c91cc9ef2d5.png|https://www.adaptohealmx.com/wp-content/uploads/2025/05/adaptoheal-mexico-productos-capsulas-gotu-kola-desktop_2x_679def00-c184-4f25-844f-300def30bf10.png|https://www.adaptohealmx.com/wp-content/uploads/2025/05/adaptoheal-mexico-productos-capsulas-nutritivas-gotu-kola-desktop_2x_43a38eca-86e9-4680-913f-7de88af790a6.png|https://www.adaptohealmx.com/wp-content/uploads/2025/05/adaptoheal-single-mexico-capsulas-gotu-kola-plantas-adaptogenicas-desktop_2x_b1686a36-c37d-42c1-86c5-8f836ba5b9a5.png
"HGS 90 cápsulas | 500mg Adaptoheal®",https://www.adaptohealmx.com/producto/hgs-90-capsulas-500mg-adaptoheal/,50,694.88,555.9,https://www.adaptohealmx.com/wp-content/uploads/2025/05/HGS.webp|https://www.adaptohealmx.com/wp-content/uploads/2025/05/HGS_Infografias_pag_web-13-scaled.png|https://www.adaptohealmx.com/wp-content/uploads/2025/05/HGS_Infografias_pag_web-14-scaled.png|https://www.adaptohealmx.com/wp-content/uploads/2025/05/HGS_Infografias_pag_web-15-scaled.png|https://www.adaptohealmx.com/wp-content/uploads/2025/05/WhatsAppImage2024-11-11at2.24.35PM_2.jpg
"Hierba del Sapo 150 cápsulas | 500mg Adaptoheal®",https://www.adaptohealmx.com/producto/hierba-del-sapo-150-capsulas-500mg-adaptoheal/,68.000000,862.01,689.61,https://www.adaptohealmx.com/wp-content/uploads/2025/05/adaptoheal-mexico-productos-suplemento-alimenticio-hierba-del-sapo-desktop_2x_e80b8374-13aa-433a-b0d4-35e0acf24530.png|https://www.adaptohealmx.com/wp-content/uploads/2025/05/adaptoheal-mexico-productos-capsulas-hierba-del-sapo-desktop_2x_6a3e1acb-0659-48bc-8157-39eb9c74b718.png|https://www.adaptohealmx.com/wp-content/uploads/2025/05/adaptoheal-mexico-productos-capsulas-nutritivas-hierba-del-sapo-desktop_2x_3c2967d3-143a-47e8-9698-1a34fb1044cc.png|https://www.adaptohealmx.com/wp-content/uploads/2025/05/adaptoheal-single-mexico-capsulas-hierba-del-sapo-plantas-adaptogenicas-desktop_2x_ee89ccc2-d850-47ae-9c2a-82540941db27.png
"Leuzea Carthamoides 150 cápsulas | 500mg Adaptoheal®",https://www.adaptohealmx.com/producto/leuzea-carthamoides-150-capsulas-500mg-adaptoheal/,247.000000,579.92,463.94,https://www.adaptohealmx.com/wp-content/uploads/2025/05/adaptoheal-mexico-productos-suplemento-alimenticio-leuzea-carthamoides-desktop_2x_f5d141f9-2fbf-4e1b-9029-ec1ffd798052.png|https://www.adaptohealmx.com/wp-content/uploads/2025/05/adaptoheal-mexico-productos-capsulas-leuzea-carthamoides-desktop_2x_71661bcf-b070-4ea9-9ab0-e82be51eecf7.png|https://www.adaptohealmx.com/wp-content/uploads/2025/05/adaptoheal-mexico-productos-capsulas-nutritivas-leuzea-carthamoides-desktop_2x_b49d493e-05b4-4f5c-bf88-45e23255b934.png|https://www.adaptohealmx.com/wp-content/uploads/2025/05/adaptoheal-single-mexico-capsulas-leuzea-carthamoides-plantas-adaptogenicas-desktop_2x_36428076-dee2-4e5d-887c-d8015fe1d7a9.png
"Maca 150 cápsulas | 500mg Adaptoheal®",https://www.adaptohealmx.com/producto/maca-150-capsulas-500mg-adaptoheal/,127.000000,580.21,464.17,https://www.adaptohealmx.com/wp-content/uploads/2025/05/adaptoheal-mexico-productos-suplemento-alimenticio-maca-desktop_2x_949db5fb-7568-4b4f-8410-7fe11e18db14.png|https://www.adaptohealmx.com/wp-content/uploads/2025/05/adaptoheal-mexico-productos-capsulas-maca-desktop_2x_ec421825-cc34-4255-88fb-239bff67ba31.png|https://www.adaptohealmx.com/wp-content/uploads/2025/05/adaptoheal-mexico-productos-capsulas-nutritivas-maca-desktop_2x_ff708e72-cbd4-4d5a-83dd-9984d5591016.png|https://www.adaptohealmx.com/wp-content/uploads/2025/05/adaptoheal-single-mexico-capsulas-maca-plantas-adaptogenicas-desktop_2x_7724192d-9bbe-49b1-bab8-5a3758521485.png
"Maitake 150 cápsulas | 500mg Adaptoheal®",https://www.adaptohealmx.com/producto/maitake-150-capsulas-500mg-adaptoheal/,199.000000,769.33,615.46,https://www.adaptohealmx.com/wp-content/uploads/2025/05/adaptoheal-mexico-productos-suplemento-alimenticio-maitake-desktop_2x_690bc9e6-c464-423e-9119-eb58747dafb7.png|https://www.adaptohealmx.com/wp-content/uploads/2025/05/adaptoheal-mexico-productos-capsulas-maitake-desktop_2x_f9fee546-1da5-4e3a-9598-ed76ee91e6dd.png|https://www.adaptohealmx.com/wp-content/uploads/2025/05/adaptoheal-mexico-productos-capsulas-nutritivas-maitake-desktop_2x_4a58128d-29d5-4bcf-98e0-fde2bfa321f6.png|https://www.adaptohealmx.com/wp-content/uploads/2025/05/adaptoheal-single-mexico-capsulas-maitake-plantas-adaptogenicas-desktop_2x_56a24b17-e551-4780-a8ed-1160ecebf214.png
"Melissa 150 cápsulas | 500mg Adaptoheal®",https://www.adaptohealmx.com/producto/melissa-150-capsulas-500mg-adaptoheal/,240.000000,713.58,570.86,https://www.adaptohealmx.com/wp-content/uploads/2025/05/adaptoheal-mexico-productos-suplemento-alimenticio-melissa-desktop_2x_73c1f87f-5a75-4480-bd3b-b34dc867f6af.png|https://www.adaptohealmx.com/wp-content/uploads/2025/05/adaptoheal-mexico-productos-capsulas-melissa-desktop_2x_681592ce-07aa-425b-81ff-2d126c355c45.png|https://www.adaptohealmx.com/wp-content/uploads/2025/05/adaptoheal-mexico-productos-capsulas-nutrtitivas-melissa-ingredientes-desktop_2x_c880f10c-e8a4-4080-926e-fc195d23cd03.png|https://www.adaptohealmx.com/wp-content/uploads/2025/05/adaptoheal-single-mexico-capsulas-melissa-plantas-adaptogenicas-desktop_2x_0ce1d881-6a68-46db-a2b0-abbde998aa98.png
"MSM 150 cápsulas | 500mg Adaptoheal®",https://www.adaptohealmx.com/producto/msm-150-capsulas-500mg-adaptoheal/,76.000000,632.57,506.06,https://www.adaptohealmx.com/wp-content/uploads/2025/05/adaptoheal-mexico-productos-suplemento-alimenticio-msm-desktop_2x_51a3ddd8-bba6-4e0a-b485-20dadfc3ca47.png|https://www.adaptohealmx.com/wp-content/uploads/2025/05/adaptoheal-mexico-productos-capsulas-msm-desktop_2x_4181a427-2a27-4750-adc2-b22bcf2c71d2.png|https://www.adaptohealmx.com/wp-content/uploads/2025/05/adaptoheal-mexico-productos-capsulas-nutritivas-msm-desktop_2x_a5711bff-37ad-40e8-bb1e-20ab33f9ce56.png
"Ñame Silvestre 150 cápsulas | 500mg Adaptoheal®",https://www.adaptohealmx.com/producto/name-silvestre-150-capsulas-500mg-adaptoheal/,43.000000,598.42,478.74,https://www.adaptohealmx.com/wp-content/uploads/2025/05/adaptoheal-mexico-productos-suplemento-alimenticio-name-silvestre-desktop_2x_ca84920f-40e7-42d7-9d75-203ece2957ac.png|https://www.adaptohealmx.com/wp-content/uploads/2025/05/adaptoheal-mexico-productos-capsulas-name-silvestre-desktop_2x_af94fae3-4725-4ab7-b4d4-746b911e491c.png|https://www.adaptohealmx.com/wp-content/uploads/2025/05/adaptoheal-mexico-productos-capsulas-nutritivas-name-silvestre-desktop_2x_376b0f2c-7f41-4206-b3ea-0807c8840d68.png|https://www.adaptohealmx.com/wp-content/uploads/2025/05/adaptoheal-single-mexico-capsulas-name-silvestre-plantas-adaptogenicas-desktop_2x_f44fe925-a14c-4a45-9ac6-d2a63ed5dfa2.png
"Noni 150 cápsulas | 500mg Adaptoheal®",https://www.adaptohealmx.com/producto/noni-150-capsulas-500mg-adaptoheal/,105.000000,668.35,534.68,https://www.adaptohealmx.com/wp-content/uploads/2025/05/adaptoheal-mexico-productos-suplemento-alimenticio-noni-desktop_2x_478a7a6b-93ea-4032-bb19-4a314488acea.png|https://www.adaptohealmx.com/wp-content/uploads/2025/05/adaptoheal-mexico-productos-capsulas-noni-desktop_2x_7cd5bd73-6e45-4db7-81ef-89dca7caea45.png|https://www.adaptohealmx.com/wp-content/uploads/2025/05/adaptoheal-mexico-productos-capsulas-nutritivas-noni-desktop_2x_3ef4d1c8-5192-4a71-aac5-8d789501810b.png|https://www.adaptohealmx.com/wp-content/uploads/2025/05/adaptoheal-single-mexico-capsulas-noni-plantas-adaptogenicas-desktop_2x_772a47ba-0faf-4324-b87c-f455f1c0ad55.png
"Palo de Arco 150 cápsulas | 500mg Adaptoheal®",https://www.adaptohealmx.com/producto/palo-de-arco-150-capsulas-500mg-adaptoheal/,206.000000,589.07,471.26,https://www.adaptohealmx.com/wp-content/uploads/2025/05/adaptoheal-mexico-productos-suplemento-alimenticio-palo-de-arco-desktop_2x_94186e4b-75dc-494b-8a11-b306fb3e2008.png|https://www.adaptohealmx.com/wp-content/uploads/2025/05/adaptoheal-mexico-productos-capsulas-palo-de-arco-desktop_2x_306bebbb-de0b-4748-bf91-97f439b56c8c.png|https://www.adaptohealmx.com/wp-content/uploads/2025/05/adaptoheal-mexico-productos-capsulas-nutritivas-palo-de-arco-desktop_2x_3acffac0-2379-4f63-ba47-a2dc52f5806f.png|https://www.adaptohealmx.com/wp-content/uploads/2025/05/adaptoheal-single-mexico-capsulas-palo-de-arco-plantas-adaptogenicas-desktop_2x_70a84758-9970-4115-a5f0-093da776580e.png
"Proteína de Suero de Leche Hidrolizada sabor Chai 907 g | Adaptoheal®",https://www.adaptohealmx.com/producto/proteina-de-suero-de-leche-hidrolizada-sabor-chai-907-g-adaptoheal/,165,2099.64,1259.78,https://www.adaptohealmx.com/wp-content/uploads/2025/05/adaptoheal-mexico-productos-suplemento-alimenticio-chai-desktop_1x_cb3746ec-66a1-4435-b1d3-3160ae7cad06.png|https://www.adaptohealmx.com/wp-content/uploads/2025/05/adaptoheal-mexico-productos-proteinas-saludables-chai-desktop_2x_31210ac9-24db-4c32-8d61-92ee3c1a2ff1.png|https://www.adaptohealmx.com/wp-content/uploads/2025/05/adaptoheal-mexico-productos-proteina-chai-desktop_2x_b8c0584c-10bc-46fb-8b7a-084650cc83a1.png
"Proteína de Suero de Leche Hidrolizada Sabor Chocolate 907g | Adaptoheal®",https://www.adaptohealmx.com/?post_type=product&p=309,0.000000,2099.64,1259.78,https://www.adaptohealmx.com/wp-content/uploads/2025/05/adaptoheal-mexico-productos-suplemento-alimenticio-chocolate-desktop_1x_c5fdc317-e30c-4992-a308-4646cce9cbfe.png|https://www.adaptohealmx.com/wp-content/uploads/2025/05/adaptoheal-mexico-productos-proteinas-saludables-chocolate-desktop_2x_850ac9bc-c31c-4498-a8e7-2df1b50ea507.png|https://www.adaptohealmx.com/wp-content/uploads/2025/05/adaptoheal-mexico-productos-proteina-chocolate-desktop_2x_afa9d90c-5dfd-40f0-ab2b-6496d04e3824.png
"Proteína de Suero de Leche Hidrolizada Sabor Vainilla 907g | Adaptoheal®",https://www.adaptohealmx.com/?post_type=product&p=310,0.000000,2099.64,1259.78,https://www.adaptohealmx.com/wp-content/uploads/2025/05/adaptoheal-mexico-productos-suplemento-alimenticio-vainilla-desktop_1x_01a715d3-cbea-4d32-a18d-2e7877cb5de1.png|https://www.adaptohealmx.com/wp-content/uploads/2025/05/adaptoheal-mexico-productos-proteinas-saludables-vainilla-desktop_2x_60f3ebe6-526c-4c29-bd5b-8169fdfbe5b5.png|https://www.adaptohealmx.com/wp-content/uploads/2025/05/adaptoheal-mexico-productos-proteina-vainilla-desktop_2x_2e78fe1f-75e9-47f1-9c17-4343432305e0.png
"Reishi 150 cápsulas | 500mg Adaptoheal®",https://www.adaptohealmx.com/producto/reishi-150-capsulas-500mg-adaptoheal/,284.000000,812,649.6,https://www.adaptohealmx.com/wp-content/uploads/2025/05/adaptoheal-mexico-productos-suplemento-alimenticio-reishi-desktop_2x_79a2111f-6f2c-4cbe-b571-492804121f66.png|https://www.adaptohealmx.com/wp-content/uploads/2025/05/adaptoheal-mexico-productos-capsulas-reishi-desktop_2x_5c3f5158-9141-4bd0-bf90-218bb767627f.png|https://www.adaptohealmx.com/wp-content/uploads/2025/05/adaptoheal-mexico-productos-capsulas-nutritivas-reishi-desktop_2x_1098cc04-aa97-464e-b1fc-4c4d63b8e208.png|https://www.adaptohealmx.com/wp-content/uploads/2025/05/adaptoheal-single-mexico-capsulas-reishi-adaptogenicas-desktop_2x_c9d44af2-64df-4c7e-adce-d424983a15ea.png
"Rhodiola Rosea 150 cápsulas | 500mg Adaptoheal®",https://www.adaptohealmx.com/producto/rhodiola-rosea-150-capsulas-500mg-adaptoheal/,902.000000,575.78,460.62,https://www.adaptohealmx.com/wp-content/uploads/2025/05/adaptoheal-mexico-productos-suplemento-alimenticio-rhodiola-desktop_2x_78e90373-db64-4580-b885-30c82427fbc6.png|https://www.adaptohealmx.com/wp-content/uploads/2025/05/adaptoheal-mexico-productos-capsulas-rhodiola-desktop_2x_f7fd5400-9609-464f-8745-9494e5223522.png|https://www.adaptohealmx.com/wp-content/uploads/2025/05/adaptoheal-mexico-productos-capsulas-nutritivas-rhodiola-desktop_2x_334d885c-97db-45df-87e0-7f426840bf36.png|https://www.adaptohealmx.com/wp-content/uploads/2025/05/Adapto_etiqueta_RHRO_cambios_Renata_2023_1__page-0001.jpg
"Salvia 150 cápsulas | 500mg Adaptoheal®",https://www.adaptohealmx.com/producto/salvia-150-capsulas-500mg-adaptoheal/,56.000000,531.64,425.31,https://www.adaptohealmx.com/wp-content/uploads/2025/05/adaptoheal-mexico-productos-suplemento-alimenticio-salvia-desktop_2x_82a323ff-70c5-46b2-9e80-2276ad041347.png|https://www.adaptohealmx.com/wp-content/uploads/2025/05/adaptoheal-mexico-productos-capsulas-salvia-desktop_2x_2f03e2e3-3f5d-4b73-99ff-a3cbf2090596.png|https://www.adaptohealmx.com/wp-content/uploads/2025/05/adaptoheal-mexico-productos-capsulas-nutritivas-salvia-desktop_2x_ee6659a1-f868-4765-970f-8047019b434f.png|https://www.adaptohealmx.com/wp-content/uploads/2025/05/adaptoheal-single-mexico-capsulas-salvia-plantas-adaptogenicas-desktop_2x_10c77d4a-fb06-46b9-a80b-2ea1a4b04f15.png
"Sauzgatillo 150 cápsulas | 500mg Adaptoheal®",https://www.adaptohealmx.com/producto/sauzgatillo-150-capsulas-500mg-adaptoheal/,469.000000,599.75,479.8,https://www.adaptohealmx.com/wp-content/uploads/2025/05/adaptoheal-mexico-productos-suplemento-alimenticio-vitex-desktop_2x_56763c15-b9d7-4ca7-b807-a1995432f792.png|https://www.adaptohealmx.com/wp-content/uploads/2025/05/adaptoheal-mexico-productos-capsulas-vitex-desktop_2x_abc11771-6d2e-499a-b9b6-3c58bb5269bd.png|https://www.adaptohealmx.com/wp-content/uploads/2025/05/adaptoheal-mexico-productos-capsulas-nutritivas-vitex-desktop_2x_80d8cc28-d18e-44a9-8f6d-1fc733bec3da.png|https://www.adaptohealmx.com/wp-content/uploads/2025/05/adaptoheal-single-mexico-capsulas-vitex-plantas-adaptogenicas-desktop_2x_ada5fe14-a3f5-41e1-ba22-8e50c6131f28.png
"Saw Palmetto 150 cápsulas | 500mg Adaptoheal®",https://www.adaptohealmx.com/producto/saw-palmeto-150-capsulas-500mg-adaptoheal/,329,906.93,725.54,https://www.adaptohealmx.com/wp-content/uploads/2025/05/adaptoheal-mexico-productos-suplemento-alimenticio-saw-palmetto-desktop_2x_11ad4939-e755-4589-b208-3888918b1a14.png|https://www.adaptohealmx.com/wp-content/uploads/2025/05/adaptoheal-mexico-productos-capsulas-saw-palmetto-desktop_2x_8f5a8239-3760-44ac-a06e-0112a8e942be.png|https://www.adaptohealmx.com/wp-content/uploads/2025/05/adaptoheal-mexico-productos-capsulas-nutritivas-saw-palmetto-ingredientes-desktop_2x_f9dba9e9-f45f-4063-a4f3-ea17c39941ee.png|https://www.adaptohealmx.com/wp-content/uploads/2025/05/adaptoheal-single-mexico-capsulas-saw-palmetto-plantas-adaptogenicas-desktop_2x_fc7a4050-b1ac-408f-b93e-5ae9b3e05a97.png
"Schizandra 150 cápsulas | 500mg Adaptoheal®",https://www.adaptohealmx.com/producto/schizandra-150-capsulas-500mg-adaptoheal/,206.000000,693.1,554.48,https://www.adaptohealmx.com/wp-content/uploads/2025/05/adaptoheal-mexico-productos-suplemento-alimenticio-schizandra-desktop_2x_b8e0a7fb-8899-4afb-9250-c1f226ac741f.png|https://www.adaptohealmx.com/wp-content/uploads/2025/05/adaptoheal-mexico-productos-capsulas-schizandra-desktop_2x_859e9b10-8ff2-4fd7-98a7-9dc685c7a1fd.png|https://www.adaptohealmx.com/wp-content/uploads/2025/05/adaptoheal-mexico-productos-capsulas-nutritivas-schizandra-desktop_2x_e67a9a25-2658-4443-8732-c27e295e0efe.png|https://www.adaptohealmx.com/wp-content/uploads/2025/05/adaptoheal-single-mexico-capsulas-schizandra-plantas-adaptogenicas-desktop_2x_1606fe6d-e5cc-4f2d-a0b4-12aa729d6db5.png
"Sérum Facial 30ml Adaptoheal®",https://www.adaptohealmx.com/producto/adapto-face/,1.000000,996.55,797.24,https://www.adaptohealmx.com/wp-content/uploads/2025/05/adaptoheal-mexico-productos-serum-facial-bienestar-integral-desktop_2x_125c5254-d151-4017-8e59-8c4b48792434.png|https://www.adaptohealmx.com/wp-content/uploads/2025/05/adaptoheal-mexico-productos-serum-facial-vida-saludable-desktop_2x_7263a533-26c9-4ed9-9d87-65bbc96b014a.png|https://www.adaptohealmx.com/wp-content/uploads/2025/05/adaptoheal-mexico-productos-serum-facial-cuidado-personal-desktop_2x_4c44a42a-4c69-4863-a819-34c707d745f7.png
"Shampoo Adapto Hair | 250ml Adaptoheal®",https://www.adaptohealmx.com/producto/adapto-hair-250ml/,94,328.67,262.94,https://www.adaptohealmx.com/wp-content/uploads/2025/05/AdaptoHair.webp|https://www.adaptohealmx.com/wp-content/uploads/2025/05/adaptoheal-mexico-productos-shampoo-adaptogenos-desktop_2x_83f59c73-4d17-4f38-aa8e-573440d9860a.png|https://www.adaptohealmx.com/wp-content/uploads/2025/05/ChatGPT-Image-2-oct-2025-09_54_59.png|https://www.adaptohealmx.com/wp-content/uploads/2025/05/ChatGPT-Image-2-oct-2025-10_10_07.png|https://www.adaptohealmx.com/wp-content/uploads/2025/05/ChatGPT-Image-2-oct-2025-10_10_07-1.png|https://www.adaptohealmx.com/wp-content/uploads/2025/05/ChatGPT-Image-2-oct-2025-09_54_59-1.png
"Shiitake 150 cápsulas | 500mg Adaptoheal®",https://www.adaptohealmx.com/producto/shiitake-150-capsulas-500mg-adaptoheal/,141.000000,662.68,530.14,https://www.adaptohealmx.com/wp-content/uploads/2025/05/adaptoheal-mexico-productos-suplemento-alimenticio-shiitake-desktop_2x_2993d3ba-adb1-4c05-a703-c1d6f29f797f.png|https://www.adaptohealmx.com/wp-content/uploads/2025/05/adaptoheal-mexico-productos-capsulas-shiitake-desktop_2x_81c44eee-c487-4c52-96fc-ab0cf063003e.png|https://www.adaptohealmx.com/wp-content/uploads/2025/05/adaptoheal-mexico-productos-capsulas-nutritivas-shiitake-desktop_2x_3f81ac0e-64ef-41b3-b58d-9dc62adb2e55.png|https://www.adaptohealmx.com/wp-content/uploads/2025/05/adaptoheal-single-mexico-capsulas-shiitake-plantas-adaptogenicas-desktop_2x_c6314897-3801-4252-a72f-d4db23e0c78a.png
"Suma 150 cápsulas | 500mg Adaptoheal®",https://www.adaptohealmx.com/producto/suma-150-capsulas-500mg-adaptoheal/,289.000000,898.95,674.21,https://www.adaptohealmx.com/wp-content/uploads/2025/05/adaptoheal-mexico-productos-suplemento-alimenticio-suma-desktop_2x_e3018dc9-7fa0-43a9-94b7-25059ef81f87.png|https://www.adaptohealmx.com/wp-content/uploads/2025/05/adaptoheal-mexico-productos-capsulas-suma-desktop_2x_5b583b30-0ccd-44c2-a879-d1f9e888969e.png|https://www.adaptohealmx.com/wp-content/uploads/2025/05/adaptoheal-mexico-productos-capsulas-nutritivas-suma-desktop_2x_d0bd12e8-20d3-47cf-8c52-85c8515f5948.png|https://www.adaptohealmx.com/wp-content/uploads/2025/05/adaptoheal-single-mexico-capsulas-suma-plantas-adaptogenicas-desktop_2x_f2c43f26-5741-49de-88b5-1dc771479305.png
"TRD 90 cápsulas | Adaptoheal®",https://www.adaptohealmx.com/producto/trd-90-capsulas-adaptoheal/,216,1193.39,954.71,https://www.adaptohealmx.com/wp-content/uploads/2025/05/TRD.webp|https://www.adaptohealmx.com/wp-content/uploads/2025/05/TRD_Infografias_pag_web-16-scaled.png|https://www.adaptohealmx.com/wp-content/uploads/2025/05/TRD_Infografias_pag_web-17-scaled.png|https://www.adaptohealmx.com/wp-content/uploads/2025/05/TRD_Infografias_pag_web-18-scaled.png|https://www.adaptohealmx.com/wp-content/uploads/2025/05/WhatsAppImage2024-11-11at2.24.36PM.jpg|https://www.adaptohealmx.com/wp-content/uploads/2025/05/ATI.webp
"Tribulus Terrestris 150 cápsulas | 500mg Adaptoheal®",https://www.adaptohealmx.com/producto/tribulus-terrestris-150-capsulas-500mg-adaptoheal/,232,619.14,495.31,https://www.adaptohealmx.com/wp-content/uploads/2025/05/adaptoheal-mexico-productos-suplemento-alimenticio-tribulus-terrestris-desktop_2x_7f59b0bb-fa34-4c2a-b603-0ee5ba51ca31.png|https://www.adaptohealmx.com/wp-content/uploads/2025/05/adaptoheal-mexico-productos-capsulas-tribulus-terrestris-desktop_2x_cd847399-dc20-4d18-979f-fb8ec6cbcbf0.png|https://www.adaptohealmx.com/wp-content/uploads/2025/05/adaptoheal-mexico-productos-capsulas-nutritivas-tribulus-terrestris-desktop_2x_ea5bfaf9-a202-4b1c-84ee-83284e463610.png|https://www.adaptohealmx.com/wp-content/uploads/2025/05/adaptoheal-single-mexico-capsulas-tribulus-terrestris-plantas-adaptogenicas-desktop_2x_62f8868f-0849-44ed-9d8f-544091773554.png
"Uña de Gato 150 cápsulas | 500mg Adaptoheal®",https://www.adaptohealmx.com/producto/una-de-gato-150-capsulas-500mg-adaptoheal/,149.000000,562.61,450.09,https://www.adaptohealmx.com/wp-content/uploads/2025/05/adaptoheal-mexico-productos-suplemento-alimenticio-una-de-gato-desktop_2x_2930f00a-3e7b-4c88-92c6-4c62615a385d.png|https://www.adaptohealmx.com/wp-content/uploads/2025/05/adaptoheal-mexico-productos-capsulas-una-de-gato-desktop_2x_105b390f-241b-4a01-85c0-8718452ed786.png|https://www.adaptohealmx.com/wp-content/uploads/2025/05/adaptoheal-mexico-productos-capsulas-nutritivas-una-de-gato-desktop_2x_e33f2d41-ab30-41dd-a723-88f3a282aa39.png|https://www.adaptohealmx.com/wp-content/uploads/2025/05/adaptoheal-single-mexico-capsulas-una-de-gato-plantas-adaptogenicas-desktop_2x_f99d89b1-749c-4457-b2d3-51bd122cab35.png
"Vitamina C-AA | 100g Adaptoheal®",https://www.adaptohealmx.com/?post_type=product&p=329,0.000000,336.61,,https://www.adaptohealmx.com/wp-content/uploads/2025/05/adaptoheal-mexico-productos-suplemento-alimenticio-vitamina-c-desktop_1x_a578be90-01ae-469a-abe9-70f4cf420039.png
"Vitamina D3 y K2 150 cápsulas | 500mg Adaptoheal®",https://www.adaptohealmx.com/producto/vitamina-d3-k2/,207,1840.53,1472.42,https://www.adaptohealmx.com/wp-content/uploads/2025/05/adaptoheal-mexico-productos-suplemento-alimenticio-vitamina-d3-k2-desktop_2x_fc155acf-eb62-4400-82b9-f433d415e330.png|https://www.adaptohealmx.com/wp-content/uploads/2025/05/adaptoheal-mexico-productos-capsulas-vitamina-d3-k2-desktop_2x_520a60ce-4578-4e54-99a7-16940f0da301.png|https://www.adaptohealmx.com/wp-content/uploads/2025/05/adaptoheal-mexico-productos-capsulas-nutritivas-vitamina-d3-k2-desktop_2x_82bd23c1-0194-4c1a-9b22-f9fbcdd04bc0.png
"Yerba Mate 150 cápsulas | 500mg Adaptoheal®",https://www.adaptohealmx.com/producto/yerba-mate-150-capsulas-500mg-adaptoheal/,128.000000,562.78,450.22,https://www.adaptohealmx.com/wp-content/uploads/2025/05/adaptoheal-mexico-productos-suplemento-alimenticio-yerba-mate-desktop_2x_d643f9d8-3471-4ac2-9972-582e511eec21.png|https://www.adaptohealmx.com/wp-content/uploads/2025/05/adaptoheal-mexico-productos-capsulas-yerba-mate-desktop_2x_df0d0edd-e911-4994-b152-d966cf0f2954.png|https://www.adaptohealmx.com/wp-content/uploads/2025/05/adaptoheal-mexico-productos-capsulas-nutritivas-yerba-mate-desktop_2x_066b2e52-4d74-4ab6-932a-a8842eb4ea09.png|https://www.adaptohealmx.com/wp-content/uploads/2025/05/adaptoheal-single-mexico-capsulas-yerba-mate-plantas-adaptogenicas-desktop_2x_52db3da8-46a1-436f-8f91-e6e1ea1127ee.png
"Zarzaparrilla 150 cápsulas | 500mg Adaptoheal®",https://www.adaptohealmx.com/producto/zazaparrilla-150-capsulas-500mg-adaptoheal/,202.000000,590.55,472.44,https://www.adaptohealmx.com/wp-content/uploads/2025/05/adaptoheal-mexico-productos-suplemento-alimenticio-zarzaparrilla-desktop_2x_3b365e42-b9a3-4049-86e9-981a978f4d28.png|https://www.adaptohealmx.com/wp-content/uploads/2025/05/adaptoheal-mexico-productos-capsulas-zarzaparrilla-desktop_2x_0d909672-a68c-460c-91fb-329333780c24.png|https://www.adaptohealmx.com/wp-content/uploads/2025/05/adaptoheal-mexico-productos-capsulas-nutritivas-zarzaparrilla-desktop_2x_1807644e-f1b6-4376-bafb-865dc6c754e1.png|https://www.adaptohealmx.com/wp-content/uploads/2025/05/adaptoheal-single-mexico-capsulas-zarzaparrilla-plantas-adaptogenicas-desktop_2x_c6ce0e4b-8304-466e-af95-c51214732bf6.png
"Kaminax - Damiana de California 60 Capsulas | 350mg Adaptoheal®",https://www.adaptohealmx.com/producto/kaminax/,332,518.01,414.41,https://www.adaptohealmx.com/wp-content/uploads/2025/08/Kaminax-Front.webp|https://www.adaptohealmx.com/wp-content/uploads/2025/08/Kaminax-Back.webp
"Bundle - Salud Cardiovascular",https://www.adaptohealmx.com/?post_type=product&p=12715,160.000000,1939.7,,https://www.adaptohealmx.com/wp-content/uploads/2025/08/Cardiovascular.webp|https://www.adaptohealmx.com/wp-content/uploads/2025/05/adaptoheal-mexico-productos-suplemento-alimenticio-astragalus-desktop_2x_9ea87636-3345-4b34-b868-7f5c207eaf76.png|https://www.adaptohealmx.com/wp-content/uploads/2025/05/CND.webp|https://www.adaptohealmx.com/wp-content/uploads/2025/05/adaptoheal-mexico-productos-suplemento-alimenticio-espino-blanco-desktop_2x_b9b4bae5-5b83-41bc-aa8d-16957700a96f.png|https://www.adaptohealmx.com/wp-content/uploads/2025/08/Salud-Cariov.webp|https://www.adaptohealmx.com/wp-content/uploads/2025/08/Dolores-Inflamacion-Deportivo.webp|https://www.adaptohealmx.com/wp-content/uploads/2025/08/neuroinflamacion.webp|https://www.adaptohealmx.com/wp-content/uploads/2025/08/Resistencia-a-la-Insulina.webp
